url_path,views_total,views_unique
/cubicleguy/ess_iio/blob/main/imu_iio_driver/epson/epson_imus.h,3,2
/cubicleguy/ess_iio/blob/main/imu_iio_driver/epson/epson.c,3,1
/cubicleguy/ess_iio/tree/main/imu_iio_driver,2,1
/cubicleguy/ess_iio,1,1
/cubicleguy/ess_iio/blob/main/gpl-2.0_license.txt,1,1
/cubicleguy/ess_iio/blob/main/imu_iio_driver/epson/Kconfig,1,1
/cubicleguy/ess_iio/blob/main/imu_iio_driver/epson/Makefile,1,1
/cubicleguy/ess_iio/blob/main/imu_iio_driver/epson/epson_buffer.c,1,1
/cubicleguy/ess_iio/blob/main/imu_iio_driver/epson/epson_imu_reg.h,1,1
/cubicleguy/ess_iio/blob/main/readme.txt,1,1
